538281056,eyJ0eXAiOiJKV1QiLCJhbGciOiJIUzI1NiJ9.eyJ1aWQiOjM5NywiZXhwIjoiXC9EYXRlKDE1NDgwNDk3MDM5MzcpXC8ifQ.I0BwZZY4Xu9dSsxABr8Nq8Q2qsHkh01P0WyTyDeo3eU,user0538281056@perf.com,Perf-guycw,jpytgqpsaa,397,7.67E+12,488281056
553998194,eyJ0eXAiOiJKV1QiLCJhbGciOiJIUzI1NiJ9.eyJ1aWQiOjM5OCwiZXhwIjoiXC9EYXRlKDE1NDgwNDk3MDQzNDUpXC8ifQ.nhPbFTAfen-FVSjZgKRfNwhq6eRHNNjpT5omyjHOSPQ,user0553998194@perf.com,Perf-gctor,wtwqkchydr,398,7.67E+12,683998194
582854362,eyJ0eXAiOiJKV1QiLCJhbGciOiJIUzI1NiJ9.eyJ1aWQiOjM5OSwiZXhwIjoiXC9EYXRlKDE1NDgwNDk3MDQ0MjMpXC8ifQ.vo5Anj2xiS91ci4gyW-928spQ8uEd-g7nPq4rC0Oixc,user0582854362@perf.com,Perf-disdy,ohvseoqeig,399,7.67E+12,712854362
559769428,eyJ0eXAiOiJKV1QiLCJhbGciOiJIUzI1NiJ9.eyJ1aWQiOjQwMCwiZXhwIjoiXC9EYXRlKDE1NDgwNDk3MDQ1NDgpXC8ifQ.DbSjCOvXpts7fzsiRjNmWoGb9vZ13CPmmVEVBpanEXs,user0559769428@perf.com,Perf-hfiaq,xlwfithttb,400,7.67E+12,689769428
517317160,eyJ0eXAiOiJKV1QiLCJhbGciOiJIUzI1NiJ9.eyJ1aWQiOjQwMSwiZXhwIjoiXC9EYXRlKDE1NDgwNDk3MDQ2NDEpXC8ifQ.LCyNlZ5x8N9vmLDBHET99hBkPfVzUdg-yZNz0OM5YqI,user0517317160@perf.com,Perf-lvdky,kkptvxkgaj,401,7.67E+12,827317160
521710529,eyJ0eXAiOiJKV1QiLCJhbGciOiJIUzI1NiJ9.eyJ1aWQiOjQwMiwiZXhwIjoiXC9EYXRlKDE1NDgwNDk3MDc0MzgpXC8ifQ.k-rDVI8RgHQLlEknYXcexRmR2_qeAXf94hzaKVLalrA,user0521710529@perf.com,Perf-bbvgu,eldiyuyjvv,402,7.67E+12,741710529
573677955,eyJ0eXAiOiJKV1QiLCJhbGciOiJIUzI1NiJ9.eyJ1aWQiOjQwMywiZXhwIjoiXC9EYXRlKDE1NDgwNDk3MDc3MzUpXC8ifQ.U1gMSyywqr3WFiyuPQhMKJLYwpj8zqjocBixpqskw54,user0573677955@perf.com,Perf-hhsmc,uovsynwvpq,403,7.67E+12,523677955
536939353,eyJ0eXAiOiJKV1QiLCJhbGciOiJIUzI1NiJ9.eyJ1aWQiOjQwNCwiZXhwIjoiXC9EYXRlKDE1NDgwNDk3MDc3NjYpXC8ifQ.U0WYiThNlKyf2AY5jVgxRIkmbmAH48OQEf52eu9G5WM,user0536939353@perf.com,Perf-arcpf,nvdmqzdycb,404,7.67E+12,846939353
599232514,eyJ0eXAiOiJKV1QiLCJhbGciOiJIUzI1NiJ9.eyJ1aWQiOjQwNSwiZXhwIjoiXC9EYXRlKDE1NDgwNDk3MDc5MzgpXC8ifQ._Krlw2BSTHiThXfkmJalHRGwz-E_4jY-hYd6O5UWYeo,user0599232514@perf.com,Perf-vqbft,booaptvqnf,405,7.67E+12,459232514
576506005,eyJ0eXAiOiJKV1QiLCJhbGciOiJIUzI1NiJ9.eyJ1aWQiOjQwNiwiZXhwIjoiXC9EYXRlKDE1NDgwNDk3MDgyODIpXC8ifQ.XjZ3GVA7W3e1RXtCbf5_zX0HwU6LuyH1G0wHZuSzRTk,user0576506005@perf.com,Perf-lwukm,pxbgkahmsr,406,7.67E+12,706506005
579677231,eyJ0eXAiOiJKV1QiLCJhbGciOiJIUzI1NiJ9.eyJ1aWQiOjQ5OSwiZXhwIjoiXC9EYXRlKDE1NDgwNTgxNDkyMTUpXC8ifQ.8YMpb5Ms9pJ3jMhCZqAPUp1gmVQB5NRwOieXQdJdpRc,user0579677231@perf.com,Perf-cpzyl,kqmlxkxrmf,499,7.67E+12,259677231
528152121,eyJ0eXAiOiJKV1QiLCJhbGciOiJIUzI1NiJ9.eyJ1aWQiOjUwMCwiZXhwIjoiXC9EYXRlKDE1NDgwNTgxNDkzOTIpXC8ifQ.F7fSD1PXS6RZUUTcgM5Tyls7u8kZzm_lgu_IqMHUXb4,user0528152121@perf.com,Perf-kgebo,tsenmkjgoy,500,7.67E+12,298152121
556207548,eyJ0eXAiOiJKV1QiLCJhbGciOiJIUzI1NiJ9.eyJ1aWQiOjUwMSwiZXhwIjoiXC9EYXRlKDE1NDgwNTgxNDk1OTApXC8ifQ.FnskSsPvayZ5315JrOeCbJIXDeY6diFxcK1qJKd48Cc,user0556207548@perf.com,Perf-ndmgv,llghdmfozx,501,7.67E+12,236207548
584678967,eyJ0eXAiOiJKV1QiLCJhbGciOiJIUzI1NiJ9.eyJ1aWQiOjUwMiwiZXhwIjoiXC9EYXRlKDE1NDgwNTgxNDk1NDkpXC8ifQ.WJJ0lB6ganKYrneYW04IeCSmPg-S1AI4mXI5O6YaYWQ,user0584678967@perf.com,Perf-arcfh,jorpytgciy,502,7.67E+12,264678967
554122672,eyJ0eXAiOiJKV1QiLCJhbGciOiJIUzI1NiJ9.eyJ1aWQiOjUwMywiZXhwIjoiXC9EYXRlKDE1NDgwNTgxNDk5MTgpXC8ifQ.qSEpu86bzlp6Fc62jEFjom8RYYRedO_jr73G84eXe64,user0554122672@perf.com,Perf-jntzr,excszjcbow,503,7.67E+12,324122672
563325403,eyJ0eXAiOiJKV1QiLCJhbGciOiJIUzI1NiJ9.eyJ1aWQiOjUwNCwiZXhwIjoiXC9EYXRlKDE1NDgwNTgxNTIyMzMpXC8ifQ.0hiAYBD5A-z7ZuRAPckRYy3WqDnaPrHuFdFOj7hBxr0,user0563325403@perf.com,Perf-vnjpd,xegjmxyupz,504,7.67E+12,243325403
575283861,eyJ0eXAiOiJKV1QiLCJhbGciOiJIUzI1NiJ9.eyJ1aWQiOjUwNSwiZXhwIjoiXC9EYXRlKDE1NDgwNTgxNTI0MzkpXC8ifQ.z02w0SFsdEeOan3H0DP0XiTRAm3IOfEzziUlDmswIhM,user0575283861@perf.com,Perf-fkixx,jgjjgsnldu,505,7.67E+12,345283861
522157271,eyJ0eXAiOiJKV1QiLCJhbGciOiJIUzI1NiJ9.eyJ1aWQiOjUwNiwiZXhwIjoiXC9EYXRlKDE1NDgwNTgxNTIzODkpXC8ifQ.GCSwrtzoS_Yyb9WotNrGDHErLhX-yAzmWKhSN-uC9FI,user0522157271@perf.com,Perf-ajupx,dtarjzrxjo,506,7.67E+12,202157271
577337495,eyJ0eXAiOiJKV1QiLCJhbGciOiJIUzI1NiJ9.eyJ1aWQiOjUwNywiZXhwIjoiXC9EYXRlKDE1NDgwNTgxNTI4NzMpXC8ifQ.HOZOrUi1qtUGkVZ_25W3cvc_4lPVMMOC9FgvpchwJpM,user0577337495@perf.com,Perf-qvtdp,izxhumsrix,507,7.67E+12,167337495
575699853,eyJ0eXAiOiJKV1QiLCJhbGciOiJIUzI1NiJ9.eyJ1aWQiOjUwOCwiZXhwIjoiXC9EYXRlKDE1NDgwNTgxNTI5ODMpXC8ifQ.Ye0NvDpJvPWyZxo9xXl6xNh6oOZk2B9ODoIc1oNhSc0,user0575699853@perf.com,Perf-yebdn,zbjhjanerv,508,7.67E+12,435699853
541114921,eyJ0eXAiOiJKV1QiLCJhbGciOiJIUzI1NiJ9.eyJ1aWQiOjUwOSwiZXhwIjoiXC9EYXRlKDE1NDg2NjgzNzkxMTQpXC8ifQ.AhQByWWEIvKLKjkmTxu9dNnz4mVOh-4baabxYbLg52E,user0541114921@perf.com,Perf-mbxaj,nwejhcpukk,509,7.67E+12,311114921
574589402,eyJ0eXAiOiJKV1QiLCJhbGciOiJIUzI1NiJ9.eyJ1aWQiOjUxMCwiZXhwIjoiXC9EYXRlKDE1NDg2Njg1Nzc5MDcpXC8ifQ.GQf891L10AjBBxdea2iBYyCOiHbnbRNw-OGWpnyAviU,user0574589402@perf.com,Perf-lfiha,iqxkksgieo,510,7.67E+12,794589402
595265798,eyJ0eXAiOiJKV1QiLCJhbGciOiJIUzI1NiJ9.eyJ1aWQiOjUxMywiZXhwIjoiXC9EYXRlKDE1NDg4NTY5NjIxMDUpXC8ifQ.s0Xs7o7xC44PM5b7Z4DPh2eZ3afra5yz0OsyJESXpNk,user0595265798@perf.com,Perf-zksjh,ygcznvlqhh,513,7.67E+12,905265798
521456494,eyJ0eXAiOiJKV1QiLCJhbGciOiJIUzI1NiJ9.eyJ1aWQiOjUxMSwiZXhwIjoiXC9EYXRlKDE1NDg4NTY5NjIxMDUpXC8ifQ.1XBdgWIClWrUsyW96cFwUjVyu6QlWV257_NI75Aqb4M,user0521456494@perf.com,Perf-fldpo,lqlzbekadz,511,7.67E+12,111456494
524087251,eyJ0eXAiOiJKV1QiLCJhbGciOiJIUzI1NiJ9.eyJ1aWQiOjUxMiwiZXhwIjoiXC9EYXRlKDE1NDg4NTY5NjIwOTApXC8ifQ.N63PQlxqLLk_We6wo6D-85L5WC3_DTNiOK7Ne5Lr6MA,user0524087251@perf.com,Perf-wjeac,uzhqbqvdxe,512,7.67E+12,834087251
577978421,eyJ0eXAiOiJKV1QiLCJhbGciOiJIUzI1NiJ9.eyJ1aWQiOjUxNCwiZXhwIjoiXC9EYXRlKDE1NDg4NTY5NjIxMDUpXC8ifQ.9HUu1My_WOoYLtu3VlXOs2oBJ56Ivu0szIGAEDZnGqY,user0577978421@perf.com,Perf-byaop,iccwzrqbdr,514,7.67E+12,617978421
543767012,eyJ0eXAiOiJKV1QiLCJhbGciOiJIUzI1NiJ9.eyJ1aWQiOjUxNSwiZXhwIjoiXC9EYXRlKDE1NDg4NTY5NjM0ODcpXC8ifQ.f9G8QYkZqgHN_tZcv9hco04pPf_a1aOhNpNSkSjOzI0,user0543767012@perf.com,Perf-lrdba,enouyphbcr,515,7.67E+12,673767012
582184335,eyJ0eXAiOiJKV1QiLCJhbGciOiJIUzI1NiJ9.eyJ1aWQiOjUxNiwiZXhwIjoiXC9EYXRlKDE1NDg4NTY5NjU4MTUpXC8ifQ.XaIDvo1PoT7gjBBidcemgBj-C6hqcEJ6LJv9KGZLdPw,user0582184335@perf.com,Perf-agoqe,isgtdqlboy,516,7.67E+12,892184335
522413448,eyJ0eXAiOiJKV1QiLCJhbGciOiJIUzI1NiJ9.eyJ1aWQiOjUxNywiZXhwIjoiXC9EYXRlKDE1NDg4NTY5NjU4OTMpXC8ifQ.w61r_hKeH8bMdBnNlYG3mb3D1X4Mw-S7GuU1UOAuB2U,user0522413448@perf.com,Perf-dlfsl,mrrfsjzehl,517,7.67E+12,652413448
579163910,eyJ0eXAiOiJKV1QiLCJhbGciOiJIUzI1NiJ9.eyJ1aWQiOjUxOCwiZXhwIjoiXC9EYXRlKDE1NDg4NTY5NjU4OTMpXC8ifQ.NM-EoweaPzIok6ojlMGu9N4LWVj7YzaPaHovTtr-5p0,user0579163910@perf.com,Perf-pvhbt,tzbtwykksh,518,7.67E+12,709163910
559291776,eyJ0eXAiOiJKV1QiLCJhbGciOiJIUzI1NiJ9.eyJ1aWQiOjUxOSwiZXhwIjoiXC9EYXRlKDE1NDg4NTY5NjYzNzcpXC8ifQ.w934UN9aq2NV1YBEySj6P5AX-dr4xMubo6tBIHhaQVQ,user0559291776@perf.com,Perf-crvxn,xphbjamgue,519,7.67E+12,869291776
566602005,eyJ0eXAiOiJKV1QiLCJhbGciOiJIUzI1NiJ9.eyJ1aWQiOjUyMCwiZXhwIjoiXC9EYXRlKDE1NDg4NTY5NjYzMDApXC8ifQ.d4RPA15towntSCVlMG8mZkO_mGcMlwg9Anx1JSn2Oz0,user0566602005@perf.com,Perf-ksdla,sdtwozidxv,520,7.67E+12,876602005
533534785,eyJ0eXAiOiJKV1QiLCJhbGciOiJIUzI1NiJ9.eyJ1aWQiOjUyMSwiZXhwIjoiXC9EYXRlKDE1NDg5Mzg5NTAzNzIpXC8ifQ.keGrqz7wuVSenuUrqt9ULWIhcGtmUVKefo1BbxL8uNo,user0533534785@perf.com,Perf-enrce,bzniteluui,521,7.67E+12,482129145
537510439,eyJ0eXAiOiJKV1QiLCJhbGciOiJIUzI1NiJ9.eyJ1aWQiOjUyMiwiZXhwIjoiXC9EYXRlKDE1NDg5Mzg5NTAzNDEpXC8ifQ._3ywmuQ48fdQ1Z6_eipfVzMcMby4PknFM83rl4G-ul8,user0537510439@perf.com,Perf-cwcts,lyvaacsxje,522,7.67E+12,127510439
535650904,eyJ0eXAiOiJKV1QiLCJhbGciOiJIUzI1NiJ9.eyJ1aWQiOjUyMywiZXhwIjoiXC9EYXRlKDE1NDg5Mzg5NTIyMTYpXC8ifQ.WJo7wQOwIFDv5D7K7U9bwB1Sr2uTRSaXOZ8JSTBOVds,user0535650904@perf.com,Perf-vuefp,qqfunqlgwx,523,7.67E+12,569414921
520751437,eyJ0eXAiOiJKV1QiLCJhbGciOiJIUzI1NiJ9.eyJ1aWQiOjUyNCwiZXhwIjoiXC9EYXRlKDE1NDg5Mzg5NTI1OTEpXC8ifQ._HY9sSBSblo-rqnEOJSLh1KnICt_WtgaR7vOkcPwJnc,user0520751437@perf.com,Perf-lddpo,nzskirkbtz,524,7.67E+12,200751437
574777415,eyJ0eXAiOiJKV1QiLCJhbGciOiJIUzI1NiJ9.eyJ1aWQiOjUyNSwiZXhwIjoiXC9EYXRlKDE1NDg5Mzg5NTMwNjEpXC8ifQ.PQfyMIs0gSK8hBjLJIAsa7KbEUms7cgEfvi3J_YG93Y,user0574777415@perf.com,Perf-vaxiw,khjqodzphj,525,7.67E+12,164777415
536035653,eyJ0eXAiOiJKV1QiLCJhbGciOiJIUzI1NiJ9.eyJ1aWQiOjUyNywiZXhwIjoiXC9EYXRlKDE1NDg5Mzg5NTM5MTkpXC8ifQ.kc6hvgNOniKwkRLSw4-UXmVEUobmtDA55PmnXs6gLxg,user0536035653@perf.com,Perf-yepmf,dorqnlykip,527,7.67E+12,313930345
516834369,eyJ0eXAiOiJKV1QiLCJhbGciOiJIUzI1NiJ9.eyJ1aWQiOjUyNiwiZXhwIjoiXC9EYXRlKDE1NDg5Mzg5NTM5MTkpXC8ifQ.buztZaN1migwEqw8U1tHGU5uFZ0NnM82egQYVmOp_K4,user0516834369@perf.com,Perf-qbryg,mmqqoajkal,526,7.67E+12,736834369
586897005,eyJ0eXAiOiJKV1QiLCJhbGciOiJIUzI1NiJ9.eyJ1aWQiOjUyOCwiZXhwIjoiXC9EYXRlKDE1NDg5Mzg5NTU4NjIpXC8ifQ.qGXEhfNzucKBqVZB5YpXxaPtl01qbrIVArJG72Va3Lg,user0586897005@perf.com,Perf-anudv,bfiqjqivfa,528,7.67E+12,176897005
539113644,eyJ0eXAiOiJKV1QiLCJhbGciOiJIUzI1NiJ9.eyJ1aWQiOjUyOSwiZXhwIjoiXC9EYXRlKDE1NDg5Mzg5NTYyODQpXC8ifQ.ybDiCOGr_LOgGJFnY1PqBppSyd5_7yDec48XtDjPJ1A,user0539113644@perf.com,Perf-ktkqy,gibdxtfeui,529,7.67E+12,907471977
580452021,eyJ0eXAiOiJKV1QiLCJhbGciOiJIUzI1NiJ9.eyJ1aWQiOjUzMCwiZXhwIjoiXC9EYXRlKDE1NDg5Mzg5NTYzNjApXC8ifQ.NFXhDPvGjGQdl92rUPwiGyBK3H2vVQ_MR-Vbo8az23A,user0580452021@perf.com,Perf-havte,ozbeqripis,530,7.67E+12,170452021
559033953,eyJ0eXAiOiJKV1QiLCJhbGciOiJIUzI1NiJ9.eyJ1aWQiOjUzMSwiZXhwIjoiXC9EYXRlKDE1NDg5Mzg5NTY1MTgpXC8ifQ.kqMrSpSWPtP9NjBNLDNyu3dPzF65vJgZqx1H2ckz_Y0,user0559033953@perf.com,Perf-uqtcc,pxelmyjadz,531,7.67E+12,239033953
568652675,eyJ0eXAiOiJKV1QiLCJhbGciOiJIUzI1NiJ9.eyJ1aWQiOjUzMiwiZXhwIjoiXC9EYXRlKDE1NDg5Mzg5NTY4MTUpXC8ifQ.4tj35fuDoiiJMbk29UFj-6GFNZqO6CGnf2DCW20zMIs,user0568652675@perf.com,Perf-rkehi,cjrjaiugcf,532,7.67E+12,248652675
573392457,eyJ0eXAiOiJKV1QiLCJhbGciOiJIUzI1NiJ9.eyJ1aWQiOjUzMywiZXhwIjoiXC9EYXRlKDE1NDg5Mzg5NTg4NzIpXC8ifQ.4nhDSliLoUn4IsyvKmtmD-x9f2-IP3ziZsB5C6a4pWc,user0573392457@perf.com,Perf-sassa,khqnjquerw,533,7.67E+12,793392457
574931453,eyJ0eXAiOiJKV1QiLCJhbGciOiJIUzI1NiJ9.eyJ1aWQiOjUzNCwiZXhwIjoiXC9EYXRlKDE1NDg5Mzg5NTkxMDUpXC8ifQ.-T9ROEamXsiIMVeTrIZw5uon9wg0to61Ear72r1Qwgk,user0574931453@perf.com,Perf-lladk,ljdahxafse,534,7.67E+12,794931453
598054724,eyJ0eXAiOiJKV1QiLCJhbGciOiJIUzI1NiJ9.eyJ1aWQiOjUzNSwiZXhwIjoiXC9EYXRlKDE1NDg5Mzg5NTk0MzMpXC8ifQ.9N00r_HVLm6xKfiEA17zTS2vT-jynDkfxxNm17TVb2Y,user0598054724@perf.com,Perf-gxinm,oxleqwryqt,535,7.67E+12,188054724
557879706,eyJ0eXAiOiJKV1QiLCJhbGciOiJIUzI1NiJ9.eyJ1aWQiOjUzNiwiZXhwIjoiXC9EYXRlKDE1NDg5Mzg5NTk1NzQpXC8ifQ.NJBGsSmM0JcwWdX74LlEF6Q7GIjf9sC6qItZYL_D-4k,user0557879706@perf.com,Perf-ytwfl,xmjhqrolyr,536,7.67E+12,237879706
564166679,eyJ0eXAiOiJKV1QiLCJhbGciOiJIUzI1NiJ9.eyJ1aWQiOjUzNywiZXhwIjoiXC9EYXRlKDE1NDg5Mzg5NjAwMzQpXC8ifQ.j37YPpJf_l85_fEXgBe_VAtZxUA3Ye9ZUZwvKn7oTEE,user0564166679@perf.com,Perf-nkfqi,vkgwbeunxb,537,7.67E+12,694166679
584357801,eyJ0eXAiOiJKV1QiLCJhbGciOiJIUzI1NiJ9.eyJ1aWQiOjUzOCwiZXhwIjoiXC9EYXRlKDE1NDg5Mzg5NjIxMTUpXC8ifQ.-VNDONu0ZN2V0WhkADrQIuPGQFQliGGrVgMFMIB2JwA,user0584357801@perf.com,Perf-bsiis,qifxdihsnt,538,7.67E+12,804357801
570278305,eyJ0eXAiOiJKV1QiLCJhbGciOiJIUzI1NiJ9.eyJ1aWQiOjUzOSwiZXhwIjoiXC9EYXRlKDE1NDg5Mzg5NjIxNTIpXC8ifQ.Js6re3cL9aI6ipqZkQJxhVua-_2cMvUG2sH2V3JjOtQ,user0570278305@perf.com,Perf-qxkrj,hanyqyjcdz,539,7.67E+12,555018189
569701181,eyJ0eXAiOiJKV1QiLCJhbGciOiJIUzI1NiJ9.eyJ1aWQiOjU0MCwiZXhwIjoiXC9EYXRlKDE1NDg5Mzg5NjIyMzApXC8ifQ.tASTj6RMvrOR_5u6krQyTX999XbrKZOQKhFF5r5uK9I,user0569701181@perf.com,Perf-gdfvs,astjnpqxrz,540,7.67E+12,140761405
544479652,eyJ0eXAiOiJKV1QiLCJhbGciOiJIUzI1NiJ9.eyJ1aWQiOjU0MSwiZXhwIjoiXC9EYXRlKDE1NDg5Mzg5NjI1NTgpXC8ifQ.8TvYO9gIVDhbAHxMWBRQaL23iQRxRR5Qxa5ic34rlGM,user0544479652@perf.com,Perf-efbzq,lpgxignelt,541,7.67E+12,224479652
577966951,eyJ0eXAiOiJKV1QiLCJhbGciOiJIUzI1NiJ9.eyJ1aWQiOjU0MiwiZXhwIjoiXC9EYXRlKDE1NDg5Mzg5NjMxNjkpXC8ifQ.huYOC-5MVY8UOfIOSBM6JVd8jfHTaPb1SOxoumL_uao,user0577966951@perf.com,Perf-maxai,rmiyqmhlnr,542,7.67E+12,617966951
550595560,eyJ0eXAiOiJKV1QiLCJhbGciOiJIUzI1NiJ9.eyJ1aWQiOjU0MywiZXhwIjoiXC9EYXRlKDE1NDg5Mzg5NjQ5OTEpXC8ifQ.w8H1WusLNSBRoGqpSAL0HUODkcEanaopv0x1sGuvIQ4,user0550595560@perf.com,Perf-dfffm,srfrrftrlo,543,7.67E+12,173540870
539988882,eyJ0eXAiOiJKV1QiLCJhbGciOiJIUzI1NiJ9.eyJ1aWQiOjU0NCwiZXhwIjoiXC9EYXRlKDE1NDg5Mzg5NjUxMTYpXC8ifQ.gvlrApKgRCNbntWw-LCddEL2fOAiaD9Qv74nVjWxqqc,user0539988882@perf.com,Perf-llnxw,kiaqsmreof,544,7.67E+12,219988882
587051043,eyJ0eXAiOiJKV1QiLCJhbGciOiJIUzI1NiJ9.eyJ1aWQiOjU0NSwiZXhwIjoiXC9EYXRlKDE1NDg5Mzg5NjUxMzgpXC8ifQ.w9hYZkPOnxzicVEQeQWOGZAuWwy2i9ddGjNZZBE9WYk,user0587051043@perf.com,Perf-njfyl,wxawvplotl,545,7.67E+12,807051043
564773944,eyJ0eXAiOiJKV1QiLCJhbGciOiJIUzI1NiJ9.eyJ1aWQiOjU0NiwiZXhwIjoiXC9EYXRlKDE1NDg5Mzg5NjUyNDEpXC8ifQ.5AQ24VcjclOmUfYXc2i77Pora2s2flRngS-uBEIY9DQ,user0564773944@perf.com,Perf-savul,tdflhailkh,546,7.67E+12,154773944
561311204,eyJ0eXAiOiJKV1QiLCJhbGciOiJIUzI1NiJ9.eyJ1aWQiOjU0NywiZXhwIjoiXC9EYXRlKDE1NDg5Mzg5NjY1MzUpXC8ifQ.dHTC6KT5Tr3-B7xyhIivVXt8WjayCyH_LPIAXXxgcGg,user0561311204@perf.com,Perf-igowj,nifzwhlief,547,7.67E+12,151311204
549538025,eyJ0eXAiOiJKV1QiLCJhbGciOiJIUzI1NiJ9.eyJ1aWQiOjU0OCwiZXhwIjoiXC9EYXRlKDE1NDg5Mzg5NjgwNDApXC8ifQ.u7eJlhHxRxFsUMgu_igpraaAEpc3fV6WZ5A3ycf5bkc,user0549538025@perf.com,Perf-zauop,ezrdospwsm,548,7.67E+12,769538025
556501842,eyJ0eXAiOiJKV1QiLCJhbGciOiJIUzI1NiJ9.eyJ1aWQiOjU0OSwiZXhwIjoiXC9EYXRlKDE1NDg5Mzg5NjgxNjkpXC8ifQ.UUBFaKZ3fRXWasCIx8BicUQX9xj-cuGtOvhp1Cmv6LA,user0556501842@perf.com,Perf-svnkp,krqfzuwldu,549,7.67E+12,146501842
550922983,eyJ0eXAiOiJKV1QiLCJhbGciOiJIUzI1NiJ9.eyJ1aWQiOjU1MCwiZXhwIjoiXC9EYXRlKDE1NDg5Mzg5NjgxODQpXC8ifQ.s1-NoBmxHfrZpCVe561ZmYlQ7BzAOESH2A8A-rK4ebk,user0550922983@perf.com,Perf-neopc,pgfwbplmhd,550,7.67E+12,140922983
543805129,eyJ0eXAiOiJKV1QiLCJhbGciOiJIUzI1NiJ9.eyJ1aWQiOjU1MSwiZXhwIjoiXC9EYXRlKDE1NDg5Mzg5Njg0NzgpXC8ifQ.kq7FQBbMu20TX85sPl5FgOO1lXZwVcfxlKIe0qMJzPE,user0543805129@perf.com,Perf-dyocz,pqvmpvefel,551,7.67E+12,133805129
544382252,eyJ0eXAiOiJKV1QiLCJhbGciOiJIUzI1NiJ9.eyJ1aWQiOjU1MiwiZXhwIjoiXC9EYXRlKDE1NDg5Mzg5Njk3ODQpXC8ifQ.Bb55GdqQKp3THX2swwpMPQ0DDXVzfL0yWLBIzPfsMcA,user0544382252@perf.com,Perf-reofn,cfkgcfpbyx,552,7.67E+12,134382252
541994582,eyJ0eXAiOiJKV1QiLCJhbGciOiJIUzI1NiJ9.eyJ1aWQiOjU1MywiZXhwIjoiXC9EYXRlKDE1NDg5Mzg5NzE1ODEpXC8ifQ.LsfNWYDYFoARCeNazPK5czY8AkBxCmXbGH8_kMJCqFk,user0541994582@perf.com,Perf-ncaks,jrnhkojmwa,553,7.67E+12,671994582
580089402,eyJ0eXAiOiJKV1QiLCJhbGciOiJIUzI1NiJ9.eyJ1aWQiOjU1NCwiZXhwIjoiXC9EYXRlKDE1NDg5Mzg5NzE2NTkpXC8ifQ.8eig3gfFRsG1tXsgYOmUBOq1szZGEDI69vVHg6a3SPE,user0580089402@perf.com,Perf-yesyy,sszsxososu,554,7.67E+12,254932574
555850221,eyJ0eXAiOiJKV1QiLCJhbGciOiJIUzI1NiJ9.eyJ1aWQiOjU1NSwiZXhwIjoiXC9EYXRlKDE1NDg5Mzg5NzE3MDYpXC8ifQ.LSDFEzU70GXRFjtCxu3bhIDl54FFwdgC89qf6p6GTk8,user0555850221@perf.com,Perf-gqhiw,qgchugrtbu,555,7.67E+12,936016827
525753173,eyJ0eXAiOiJKV1QiLCJhbGciOiJIUzI1NiJ9.eyJ1aWQiOjU1NiwiZXhwIjoiXC9EYXRlKDE1NDg5Mzg5NzE3NTMpXC8ifQ.QKHsTabqbo4YUB2PA3qIILAl97mne7yOQCriW-Av0fY,user0525753173@perf.com,Perf-xjmrs,ebiyifxusy,556,7.67E+12,205753173
552808391,eyJ0eXAiOiJKV1QiLCJhbGciOiJIUzI1NiJ9.eyJ1aWQiOjU1NywiZXhwIjoiXC9EYXRlKDE1NDg5Mzg5NzMxMDApXC8ifQ.UP1MemqYpW5AF6qF1gDmgKhoqIl7maoSHZYTmZFTHHs,user0552808391@perf.com,Perf-uixvb,dkzliuaeyr,557,7.67E+12,772808391
547999030,eyJ0eXAiOiJKV1QiLCJhbGciOiJIUzI1NiJ9.eyJ1aWQiOjU1OCwiZXhwIjoiXC9EYXRlKDE1NDg5Mzg5NzQ5ODgpXC8ifQ.RKoPLQ2uWUmnocnKZv9GlUVSidzJ_cQJafKsB_IT8S4,user0547999030@perf.com,Perf-fgonq,kylptqhqjy,558,7.67E+12,767999030
589782622,eyJ0eXAiOiJKV1QiLCJhbGciOiJIUzI1NiJ9.eyJ1aWQiOjU1OSwiZXhwIjoiXC9EYXRlKDE1NDg5Mzg5NzUwNTApXC8ifQ.yzIdS350_67XdceqwxkyCSTZzD2XEh1-EdPMxfBS_jw,user0589782622@perf.com,Perf-tyhge,uryurelyhb,559,7.67E+12,179782622
560380574,eyJ0eXAiOiJKV1QiLCJhbGciOiJIUzI1NiJ9.eyJ1aWQiOjU2MCwiZXhwIjoiXC9EYXRlKDE1NDg5Mzg5NzUxOTMpXC8ifQ.eVmD0sBWCaMzSifa6OpKEvQkSEAygKvsTuejTlhaJ_c,user0560380574@perf.com,Perf-manxy,kvwfaahiil,560,7.67E+12,240380574
529569419,eyJ0eXAiOiJKV1QiLCJhbGciOiJIUzI1NiJ9.eyJ1aWQiOjU2MSwiZXhwIjoiXC9EYXRlKDE1NDg5Mzg5NzY5NzUpXC8ifQ.6Bk7ohSUK38K71dQg1y9VK919nULF9_y8iQd621RqCA,user0529569419@perf.com,Perf-ijncc,defdupqlrh,561,7.67E+12,119569419
518058195,eyJ0eXAiOiJKV1QiLCJhbGciOiJIUzI1NiJ9.eyJ1aWQiOjU2MiwiZXhwIjoiXC9EYXRlKDE1NDg5Mzg5NzkxOTYpXC8ifQ.GbXKuPNohev_0D5wpemrin-e-6UdWV23rTlMjMPLiQY,user0518058195@perf.com,Perf-xklwq,husfdsgptr,562,7.67E+12,198058195
569929717,eyJ0eXAiOiJKV1QiLCJhbGciOiJIUzI1NiJ9.eyJ1aWQiOjU2MywiZXhwIjoiXC9EYXRlKDE1NDg5Mzg5ODI3NjIpXC8ifQ.Fkbf-QNI0rTZYKUnEzRTQ-W0zyhM3t4u7KQ7jYZP24Y,user0569929717@perf.com,Perf-gljvs,pufpmnmdem,563,7.67E+12,789929717
599680741,eyJ0eXAiOiJKV1QiLCJhbGciOiJIUzI1NiJ9.eyJ1aWQiOjU2NCwiZXhwIjoiXC9EYXRlKDE1NDg5Mzg5ODMyNzUpXC8ifQ.-r1OECneERvUPe1ePSysPZcmLt71zRVqJX8B-_EFRKs,user0599680741@perf.com,Perf-uiddi,issdvkgwrw,564,7.67E+12,819680741
513025217,eyJ0eXAiOiJKV1QiLCJhbGciOiJIUzI1NiJ9.eyJ1aWQiOjU2NSwiZXhwIjoiXC9EYXRlKDE1NDg5Mzg5ODMzMDkpXC8ifQ.j_k-HBtrMhd-XtTIK_qo6m1s2eS0n6-gmPrBHYYR1M8,user0513025217@perf.com,Perf-uwqzx,wxqtdxnrwu,565,7.67E+12,103025217
523798186,eyJ0eXAiOiJKV1QiLCJhbGciOiJIUzI1NiJ9.eyJ1aWQiOjU2NiwiZXhwIjoiXC9EYXRlKDE1NDg5Mzg5ODM3OTQpXC8ifQ.c_-KwoMb1sXX7p61vIbK62H2I_nj_twdXjhSGp0I5aQ,user0523798186@perf.com,Perf-rdguo,mqykexmmwd,566,7.67E+12,113798186
513825957,eyJ0eXAiOiJKV1QiLCJhbGciOiJIUzI1NiJ9.eyJ1aWQiOjU2NywiZXhwIjoiXC9EYXRlKDE1NDg5Mzg5ODQ1NzIpXC8ifQ.8DcwJs_4olEgOYkviEyBcUTKJvETTUmcUGBcBhaeTlI,user0513825957@perf.com,Perf-wytwx,ygcpnzejpc,567,7.67E+12,193825957
559349122,eyJ0eXAiOiJKV1QiLCJhbGciOiJIUzI1NiJ9.eyJ1aWQiOjU2OCwiZXhwIjoiXC9EYXRlKDE1NDg5Mzg5ODU5OTcpXC8ifQ.X7PwWoZ4oRAgOT_SWCbJBqHnPF4riOJhKQyDf_fwv3E,user0559349122@perf.com,Perf-ucmpe,tiijmfsyjw,568,7.67E+12,779349122
540950754,eyJ0eXAiOiJKV1QiLCJhbGciOiJIUzI1NiJ9.eyJ1aWQiOjU2OSwiZXhwIjoiXC9EYXRlKDE1NDg5Mzg5ODYxMDYpXC8ifQ.Sw8ketgYDtegHGk2PpaRT5Ru_MKWQ9GjhOf8DfQ8Fzs,user0540950754@perf.com,Perf-xstru,cudbkcdnhn,569,7.67E+12,220950754
547106737,eyJ0eXAiOiJKV1QiLCJhbGciOiJIUzI1NiJ9.eyJ1aWQiOjU3MCwiZXhwIjoiXC9EYXRlKDE1NDg5Mzg5ODY1ODkpXC8ifQ.JtlclJ8XUMaJCPTaNf5hCcnAg8XMdlZXm8TJg4lUNTU,user0547106737@perf.com,Perf-qiukx,joqppffprd,570,7.67E+12,2271067370580753866,eyJ0eXAiOiJKV1QiLCJhbGciOiJIUzI1NiJ9.eyJ1aWQiOjU3MywiZXhwIjoiXC9EYXRlKDE1NDkwMjgyMTY5ODApXC8ifQ.KQbcWqcwcNKD8dJJ1O28QUKYwbjPNu5HtaJKwfBJmf0,user0580753866@perf.com,Perf-brvsk,yikbxzjubp,573,7670001640933,620753866
0588287712,eyJ0eXAiOiJKV1QiLCJhbGciOiJIUzI1NiJ9.eyJ1aWQiOjU3NCwiZXhwIjoiXC9EYXRlKDE1NDkwMjgyMTY5NjQpXC8ifQ.zs9PtHdrEeiZvv0u7XZt51tVsZM4FusvQGod8dJoj_Q,user0588287712@perf.com,Perf-udcmx,ucscwdocpc,574,7670001640920,718287712
0540194099,eyJ0eXAiOiJKV1QiLCJhbGciOiJIUzI1NiJ9.eyJ1aWQiOjU3MSwiZXhwIjoiXC9EYXRlKDE1NDkwMjgyMTY4ODYpXC8ifQ.CgVfAnpmA_xKcenBSytyE9LmrX6tMSULXAJYqOsay8A,user0540194099@perf.com,Perf-irtgj,pqxzovphlr,571,7670001640946,670194099
0516017404,eyJ0eXAiOiJKV1QiLCJhbGciOiJIUzI1NiJ9.eyJ1aWQiOjU3NSwiZXhwIjoiXC9EYXRlKDE1NDkwMjgyMTY4ODYpXC8ifQ.BJYryAMMh9GCHrsO2R5HuqTg-e8i8Luc02ilsMsqEGM,user0516017404@perf.com,Perf-mnahj,tlvihifbvp,575,7670001640962,826017404
0524965275,eyJ0eXAiOiJKV1QiLCJhbGciOiJIUzI1NiJ9.eyJ1aWQiOjU3MiwiZXhwIjoiXC9EYXRlKDE1NDkwMjgyMTY4ODYpXC8ifQ.LPu6xlxbyCE0J_o7kzsLTTQBSAjQSqwF2JXTR6ud4Kc,user0524965275@perf.com,Perf-ypiwk,eeebgapsqw,572,7670001640959,564965275
0533841190,eyJ0eXAiOiJKV1QiLCJhbGciOiJIUzI1NiJ9.eyJ1aWQiOjU3NiwiZXhwIjoiXC9EYXRlKDE1NDkwMjg1MzQwMDkpXC8ifQ.33X44iVLmmnv9Y0NuRlU8LVsxuBwMh27CkDWFqzsYkg,user0533841190@perf.com,Perf-jlreu,ddszdtkxrb,576,7670001640975,483841190
0541759785,eyJ0eXAiOiJKV1QiLCJhbGciOiJIUzI1NiJ9.eyJ1aWQiOjU3NywiZXhwIjoiXC9EYXRlKDE1NDkwMjg1MzQzNTUpXC8ifQ.AHLhCvbQu-d_ZqzweNoQtkw4O_XW7Xsf21Eu5RNDMaw,user0541759785@perf.com,Perf-mhdcx,gwiyiintzu,577,7670001640988,581759785
0546747737,eyJ0eXAiOiJKV1QiLCJhbGciOiJIUzI1NiJ9.eyJ1aWQiOjU3OCwiZXhwIjoiXC9EYXRlKDE1NDkwMzAwMjUyOTgpXC8ifQ.fh_BjbFPuYu0SBr-YOZD4Mqwj0ZKQppE8mHnVmg_zI4,user0546747737@perf.com,Perf-ylane,oqexgmijmw,578,7670001641011,406747737
0594394115,eyJ0eXAiOiJKV1QiLCJhbGciOiJIUzI1NiJ9.eyJ1aWQiOjU3OSwiZXhwIjoiXC9EYXRlKDE1NDkwMzAwMjU0NTcpXC8ifQ.ufGHklCPyq5-D5OmQX3DZakHkQPrhF3pIg1wXfDCxOA,user0594394115@perf.com,Perf-bdbxl,ptmtgikxns,579,7670001641008,274394115
0561336952,eyJ0eXAiOiJKV1QiLCJhbGciOiJIUzI1NiJ9.eyJ1aWQiOjU4MCwiZXhwIjoiXC9EYXRlKDE1NDkwMzAwMjU1NjQpXC8ifQ.MVB9jYyXDxKfV2r565Y0n8TpfcGUSpp4DodTqHERdU4,user0561336952@perf.com,Perf-shacu,xxqmyaypyo,580,7670001641024,331336952
0527377431,eyJ0eXAiOiJKV1QiLCJhbGciOiJIUzI1NiJ9.eyJ1aWQiOjU4MSwiZXhwIjoiXC9EYXRlKDE1NDkwMzAyNDEzMzIpXC8ifQ.ORzKL7aQJbWEgPW5wJ6M34uxpCfpyhVIyJoCXEKvKHU,user0527377431@perf.com,Perf-rplum,cadyxmppjx,581,7670001641053,117377431
0535233541,eyJ0eXAiOiJKV1QiLCJhbGciOiJIUzI1NiJ9.eyJ1aWQiOjU4MiwiZXhwIjoiXC9EYXRlKDE1NDkwMzAyNDExOTYpXC8ifQ.Z3F69UfYyqMHfS5dAaB4y-anpkHVeCiC92QBKLvgIrA,user0535233541@perf.com,Perf-dphkv,yhmjhsbxle,582,7670001641037,935233541
0590002693,eyJ0eXAiOiJKV1QiLCJhbGciOiJIUzI1NiJ9.eyJ1aWQiOjU4MywiZXhwIjoiXC9EYXRlKDE1NDkwMzAyNDEyMjcpXC8ifQ.9IUJ9fBGBxqD9ZT34dH3BJl19JNPpNdA1ePWlnueqck,user0590002693@perf.com,Perf-eajtx,hquqzkrzoz,583,7670001641040,270002693
0533652675,eyJ0eXAiOiJKV1QiLCJhbGciOiJIUzI1NiJ9.eyJ1aWQiOjU4NSwiZXhwIjoiXC9EYXRlKDE1NDkxNTYyNDE4MDApXC8ifQ.jNStfDxYUMVZ6HtAPhcZfyzrh_WfYoKiQOicTGaOxEU,user0533652675@perf.com,Perf-polwi,hfsmmlucyz,585,7670001641109,483652675
0526368769,eyJ0eXAiOiJKV1QiLCJhbGciOiJIUzI1NiJ9.eyJ1aWQiOjU4NCwiZXhwIjoiXC9EYXRlKDE1NDkxNTYyNDE3ODQpXC8ifQ.f4CHgTz1B98G-tN8tPueLH8XxIE_Ib5IgQ0sY_Z2ivI,user0526368769@perf.com,Perf-sayve,ewzwodcwia,584,7670001641082,206368769
0567890408,eyJ0eXAiOiJKV1QiLCJhbGciOiJIUzI1NiJ9.eyJ1aWQiOjU4NiwiZXhwIjoiXC9EYXRlKDE1NDkxNTYyNDIxOTEpXC8ifQ.uXkHeI9kw9qUGMGvwXYucjdes0d9kDx2aE3MCoSfcYM,user0567890408@perf.com,Perf-twodg,jtdspknhpl,586,7670001641095,157890408
0559014859,eyJ0eXAiOiJKV1QiLCJhbGciOiJIUzI1NiJ9.eyJ1aWQiOjU4OCwiZXhwIjoiXC9EYXRlKDE1NDkxNTYyNDIxOTEpXC8ifQ.PfcUoa6W-d-dd4ngJ_PF7n6cqEfSb_df24A5YImjzmk,user0559014859@perf.com,Perf-sffbs,ivigvxgksx,588,7670001641066,419014859
0580592040,eyJ0eXAiOiJKV1QiLCJhbGciOiJIUzI1NiJ9.eyJ1aWQiOjU4NywiZXhwIjoiXC9EYXRlKDE1NDkxNTYyNDIxOTEpXC8ifQ.Qbw-iau3gPJwOcKzv1ywcJvIfsn_Hso_FoGREMEuJ-M,user0580592040@perf.com,Perf-yybuq,ajafzqwcgb,587,7670001641079,530592040
0520141851,eyJ0eXAiOiJKV1QiLCJhbGciOiJIUzI1NiJ9.eyJ1aWQiOjY4MywiZXhwIjoiXC9EYXRlKDE1NDkxNTY4OTgxMjkpXC8ifQ.EABkfJFUwWCO4Bcec_qg9I0e6Wjenll6bczIdqgeRvQ,user0520141851@perf.com,Perf-ierdv,kcizcuelfe,683,7670001642115,110141851
0553315679,eyJ0eXAiOiJKV1QiLCJhbGciOiJIUzI1NiJ9.eyJ1aWQiOjY4NCwiZXhwIjoiXC9EYXRlKDE1NDkxNTc5NDQzNDApXC8ifQ.M-zPfZgo_ryUbrkm_PnIDaLgOCCXrDiDmUo26kI46XA,user0553315679@perf.com,Perf-xizpy,dzmlmkerat,684,7670001642131,593315679
0530379296,eyJ0eXAiOiJKV1QiLCJhbGciOiJIUzI1NiJ9.eyJ1aWQiOjY4NSwiZXhwIjoiXC9EYXRlKDE1NDkxNTc5NDQ0MDIpXC8ifQ.QRVmSagF8X2Gc4J1p-MrPUYJ3I0OmiD4AsGp-5SSZ3o,user0530379296@perf.com,Perf-hwvim,qftajhikjh,685,7670001642128,120379296
0576486679,eyJ0eXAiOiJKV1QiLCJhbGciOiJIUzI1NiJ9.eyJ1aWQiOjY4NiwiZXhwIjoiXC9EYXRlKDE1NDkxNTc5NDQ0MTgpXC8ifQ.EoS0l_5r9PxBDd42_xp16DK7J4pSOOPedxEpSxHnk0M,user0576486679@perf.com,Perf-exdks,czrcwiqjck,686,7670001642160,886486679
0561705089,eyJ0eXAiOiJKV1QiLCJhbGciOiJIUzI1NiJ9.eyJ1aWQiOjY4NywiZXhwIjoiXC9EYXRlKDE1NDkxNTc5NDQ3NjYpXC8ifQ.wvdqzEoVCeLKgI2wKDXEi6ftX8AaYDZ8iB0clU1u25c,user0561705089@perf.com,Perf-rorpw,ahxxojlzpq,687,7670001642144,961705089
0519190336,eyJ0eXAiOiJKV1QiLCJhbGciOiJIUzI1NiJ9.eyJ1aWQiOjY4OCwiZXhwIjoiXC9EYXRlKDE1NDkxNTc5NDQ4NzEpXC8ifQ.g70C0n21NlU_uMwdH5vJ-1EcEt_uOoq9cdyDDes3X6g,user0519190336@perf.com,Perf-uquho,gthcjodfzg,688,7670001642157,919190336
0588060389,eyJ0eXAiOiJKV1QiLCJhbGciOiJIUzI1NiJ9.eyJ1aWQiOjY4OSwiZXhwIjoiXC9EYXRlKDE1NDkxNTc5NDc4MjMpXC8ifQ.PpI4CwbxFzx3LVmJc4s9zUC0mMJr3pq_01OiiqoVsI4,user0588060389@perf.com,Perf-zcrnm,tlfkrrtkpj,689,7670001642173,988060389
0521946063,eyJ0eXAiOiJKV1QiLCJhbGciOiJIUzI1NiJ9.eyJ1aWQiOjY5MCwiZXhwIjoiXC9EYXRlKDE1NDkxNTc5NDc5ODIpXC8ifQ.fCcRkFQDdFRbFhtf476tOQbvVFwZFryLrUvwG652jhQ,user0521946063@perf.com,Perf-xzbzd,vwpyidjyid,690,7670001642186,201946063
0552918350,eyJ0eXAiOiJKV1QiLCJhbGciOiJIUzI1NiJ9.eyJ1aWQiOjY5MSwiZXhwIjoiXC9EYXRlKDE1NDkxNTc5NDc5MzIpXC8ifQ.Nay-oLmTS3wuEqQ20lc9wek0HcpwUypf7AHI4xC9dGs,user0552918350@perf.com,Perf-runuc,ljyzwlwknz,691,7670001642199,232918350
0579819530,eyJ0eXAiOiJKV1QiLCJhbGciOiJIUzI1NiJ9.eyJ1aWQiOjY5MiwiZXhwIjoiXC9EYXRlKDE1NDkxNTc5NDgxMzgpXC8ifQ.leuWmY4aeYF9jKHvE-js7wVsW-fQzhrdud0Qr0BAMBI,user0579819530@perf.com,Perf-dswqy,hotxadgepv,692,7670001642203,176937385
0515951213,eyJ0eXAiOiJKV1QiLCJhbGciOiJIUzI1NiJ9.eyJ1aWQiOjY5MywiZXhwIjoiXC9EYXRlKDE1NDkxNTc5NDg0NjYpXC8ifQ.JG_HdTa-NBcyrfMBMUiuzthBtKyeNbh9eX02GnmTLjk,user0515951213@perf.com,Perf-bbgpy,juuvphkiul,693,7670001642216,105951213
0575233786,eyJ0eXAiOiJKV1QiLCJhbGciOiJIUzI1NiJ9.eyJ1aWQiOjY5NCwiZXhwIjoiXC9EYXRlKDE1NDkxNTc5NTA2MjApXC8ifQ.U3DoIT7Zjum1XhO29UJ_Qn-cco3-h1NjC1Bce2ETdWE,user0575233786@perf.com,Perf-jzobf,jhzzisfbge,694,7670001642229,255233786
0529001433,eyJ0eXAiOiJKV1QiLCJhbGciOiJIUzI1NiJ9.eyJ1aWQiOjY5NSwiZXhwIjoiXC9EYXRlKDE1NDkxNTc5NTA5OTUpXC8ifQ.f-KJ5WYi9I6Ur-lbT1HOt1lf5KAvjwLslzhM-tzAMMo,user0529001433@perf.com,Perf-coswt,kzvcukmahu,695,7670001642232,929001433
0529845997,eyJ0eXAiOiJKV1QiLCJhbGciOiJIUzI1NiJ9.eyJ1aWQiOjY5NiwiZXhwIjoiXC9EYXRlKDE1NDkxNTc5NTExODUpXC8ifQ.AMxe6gwLuxE3zZ9G3hkKxloubNGmGsb4QNAODdPulvc,user0529845997@perf.com,Perf-fgfky,golnaxctpi,696,7670001642258,569845997
0593223256,eyJ0eXAiOiJKV1QiLCJhbGciOiJIUzI1NiJ9.eyJ1aWQiOjY5NywiZXhwIjoiXC9EYXRlKDE1NDkxNTc5NTEyMzIpXC8ifQ.Dyt_gFoYOkTb-w15Pnzxm8T62cJnkmq7QJndCv6DNHw,user0593223256@perf.com,Perf-eerii,qzmmlrwozx,697,7670001642245,903223256
0510949477,eyJ0eXAiOiJKV1QiLCJhbGciOiJIUzI1NiJ9.eyJ1aWQiOjY5OCwiZXhwIjoiXC9EYXRlKDE1NDkxNTc5NTE2NTQpXC8ifQ.WW4O57ijorwsz0BWat4GrHgxnNWi_cj-s8fAdb-oMog,user0510949477@perf.com,Perf-ngjhg,qdjoygpjtq,698,7670001642261,100949477
0524844261,eyJ0eXAiOiJKV1QiLCJhbGciOiJIUzI1NiJ9.eyJ1aWQiOjY5OSwiZXhwIjoiXC9EYXRlKDE1NDkxNTc5NTM5OTMpXC8ifQ.V4hE5fWL8wFPwEKtG_yut4gxN7gR5hQ91uD-4LGR1SY,user0524844261@perf.com,Perf-mlayn,xkhmtflppn,699,7670001642274,564844261
0567699940,eyJ0eXAiOiJKV1QiLCJhbGciOiJIUzI1NiJ9.eyJ1aWQiOjcwMCwiZXhwIjoiXC9EYXRlKDE1NDkxNTc5NTQzNTApXC8ifQ._GOxdt3y9-4iKs0BSdvWnQ6AuRUs3eBDNCkJe_dRuJU,user0567699940@perf.com,Perf-pqlbq,zycwtgdpwa,700,7670001642287,157699940
0544968512,eyJ0eXAiOiJKV1QiLCJhbGciOiJIUzI1NiJ9.eyJ1aWQiOjcwMSwiZXhwIjoiXC9EYXRlKDE1NDkxNTc5NTQzOTcpXC8ifQ.cDcSPL9a_ZLqB_BZT1WO73I663oB9lnCDN3AoV860MI,user0544968512@perf.com,Perf-tgfxu,ttbnsvziel,701,7670001642290,944968512
0542157961,eyJ0eXAiOiJKV1QiLCJhbGciOiJIUzI1NiJ9.eyJ1aWQiOjcwMiwiZXhwIjoiXC9EYXRlKDE1NDkxNTc5NTQ3NTkpXC8ifQ.QcYT5fuPRUVuDyXlrLPCV23BRJDh2S8pRv0UU557KMg,user0542157961@perf.com,Perf-zblne,tfypuhfjwp,702,7670001642317,582157961
0577672169,eyJ0eXAiOiJKV1QiLCJhbGciOiJIUzI1NiJ9.eyJ1aWQiOjcwMywiZXhwIjoiXC9EYXRlKDE1NDkxNTc5NTQ5MzEpXC8ifQ.Nl7qJakawa_VMDfKOnFc6HkU5dFeLz0BEwufC_wP23s,user0577672169@perf.com,Perf-ebjbt,ogzjdjvbvf,703,7670001642304,977672169
0555965098,eyJ0eXAiOiJKV1QiLCJhbGciOiJIUzI1NiJ9.eyJ1aWQiOjcwNCwiZXhwIjoiXC9EYXRlKDE1NDkxNTc5NTYzOTEpXC8ifQ.rs0zw1-ngnGgHQdVivin7C5GA8b051SQgUQ5PeBUcKw,user0555965098@perf.com,Perf-hgiwt,relyyymbac,704,7670001642320,145965098
0542467644,eyJ0eXAiOiJKV1QiLCJhbGciOiJIUzI1NiJ9.eyJ1aWQiOjcwNiwiZXhwIjoiXC9EYXRlKDE1NDkxNTc5NTc1MzEpXC8ifQ.QjbzpgxHITz11GSXp2_pUI4vvCi5YKKU8_ER6mwdFko,user0542467644@perf.com,Perf-agmwr,gkenhcxwzo,706,7670001642346,942467644
0546923499,eyJ0eXAiOiJKV1QiLCJhbGciOiJIUzI1NiJ9.eyJ1aWQiOjcwNSwiZXhwIjoiXC9EYXRlKDE1NDkxNTc5NTc2NjkpXC8ifQ.M2JQhVK7_1_VhTTBxD9-FmjafjXbHh4d9apMGK_1USA,user0546923499@perf.com,Perf-nautk,tkdzbjlvko,705,7670001642333,136923499
0568320887,eyJ0eXAiOiJKV1QiLCJhbGciOiJIUzI1NiJ9.eyJ1aWQiOjcwNywiZXhwIjoiXC9EYXRlKDE1NDkxNTc5NTgwOTEpXC8ifQ.am5bGbez91METKLkMhzxEnAn0b5arWIfap5oCBM1HPo,user0568320887@perf.com,Perf-ppmyi,kahevjnoaa,707,7670001642359,608320887
0573130248,eyJ0eXAiOiJKV1QiLCJhbGciOiJIUzI1NiJ9.eyJ1aWQiOjcwOCwiZXhwIjoiXC9EYXRlKDE1NDkxNTc5NTgxNTMpXC8ifQ.TQVeMlOCF4EEYcT1GhNsdoTUcJjIVlwrSwoanTzDcKc,user0573130248@perf.com,Perf-msgqo,jvothkjumf,708,7670001642362,613130248
0591598195,eyJ0eXAiOiJKV1QiLCJhbGciOiJIUzI1NiJ9.eyJ1aWQiOjcwOSwiZXhwIjoiXC9EYXRlKDE1NDkxNTc5NTkyODApXC8ifQ.5-YWNIGu8TAKoprtF68bq4z8dOpGVhqV9OkCuBsqz0s,user0591598195@perf.com,Perf-gtsne,tytmpvvlhl,709,7670001642375,631598195
0598461190,eyJ0eXAiOiJKV1QiLCJhbGciOiJIUzI1NiJ9.eyJ1aWQiOjcxMCwiZXhwIjoiXC9EYXRlKDE1NDkxNTc5NjAwOTQpXC8ifQ.CGxpf4ydZey9CqAS8826cCS9T98QgdSkWajl5YoOz9M,user0598461190@perf.com,Perf-mfecq,idzaknnsno,710,7670001642388,458461190
0545974208,eyJ0eXAiOiJKV1QiLCJhbGciOiJIUzI1NiJ9.eyJ1aWQiOjcxMSwiZXhwIjoiXC9EYXRlKDE1NDkxNTc5NjA4OTApXC8ifQ.7zlb7sI4s-7FzdIlNDgQC4rcGRMAVUFj6i1oRtEPPKo,user0545974208@perf.com,Perf-wwxpq,mgyuayuboa,711,7670001642391,495974208
0521735027,eyJ0eXAiOiJKV1QiLCJhbGciOiJIUzI1NiJ9.eyJ1aWQiOjcxMiwiZXhwIjoiXC9EYXRlKDE1NDkxNTc5NjExMjQpXC8ifQ.Cec48Frux3qKcewxceIWios7-hwx4ggTYD2fFMMF6ac,user0521735027@perf.com,Perf-thnqm,vajhgepckd,712,7670001642405,471735027
0577138869,eyJ0eXAiOiJKV1QiLCJhbGciOiJIUzI1NiJ9.eyJ1aWQiOjcxMywiZXhwIjoiXC9EYXRlKDE1NDkxNTc5NjEzNjApXC8ifQ.4Su8jCBt_IDuVOLWbIJ_wfHaPp1yhE-4gxAl_IKQfhc,user0577138869@perf.com,Perf-yhhto,lcesbroive,713,7670001642418,527138869
0573291380,eyJ0eXAiOiJKV1QiLCJhbGciOiJIUzI1NiJ9.eyJ1aWQiOjcxNCwiZXhwIjoiXC9EYXRlKDE1NDkxNTc5NjIzMTIpXC8ifQ.KnEEfSDT8IFtjR9UCmIRI6-Z4mLgeKMLvkFRlZBo8xE,user0573291380@perf.com,Perf-oqvut,iqapldztqq,714,7670001642421,523291380
0513686543,eyJ0eXAiOiJKV1QiLCJhbGciOiJIUzI1NiJ9.eyJ1aWQiOjcxNSwiZXhwIjoiXC9EYXRlKDE1NDkxNTc5NjI3OTYpXC8ifQ.ecccg5g4PGTOIi9L9uU1HCHl8mSV8RMh84mdcaXhkH8,user0513686543@perf.com,Perf-vvjmn,xduszcpnjx,715,7670001642434,553686543
0513239309,eyJ0eXAiOiJKV1QiLCJhbGciOiJIUzI1NiJ9.eyJ1aWQiOjcxNiwiZXhwIjoiXC9EYXRlKDE1NDkxNTc5NjQwMTUpXC8ifQ.Et5JEioFJGOdfjT3f4YFWZHrTCbKzPu3RiYlhpdeVoA,user0513239309@perf.com,Perf-jdocl,igfuxenigt,716,7670001642450,373239309
0588104212,eyJ0eXAiOiJKV1QiLCJhbGciOiJIUzI1NiJ9.eyJ1aWQiOjcxNywiZXhwIjoiXC9EYXRlKDE1NDkxNTc5NjQxMDkpXC8ifQ.g1vcITgkrwnoOKtnkAvgNwck-XvxPqqViXIXb_ObLtE,user0588104212@perf.com,Perf-ovvkn,jmdmyxquod,717,7670001642447,538104212
0510161317,eyJ0eXAiOiJKV1QiLCJhbGciOiJIUzI1NiJ9.eyJ1aWQiOjcxOCwiZXhwIjoiXC9EYXRlKDE1NDkxNTc5NjQ1MjcpXC8ifQ.xZzytkXZE64mf_v_N2b9zLLLF6FjMuDnH1h8GpBprdo,user0510161317@perf.com,Perf-daacl,bnptbfomzz,718,7670001642463,370161317
0525743648,eyJ0eXAiOiJKV1QiLCJhbGciOiJIUzI1NiJ9.eyJ1aWQiOjcxOSwiZXhwIjoiXC9EYXRlKDE1NDkxNTc5NjU3MzYpXC8ifQ.9laBrHv6fmAu2oDhj0i7fSIkQNVEriXW7pbpDFbU124,user0525743648@perf.com,Perf-xodhm,ldxcjnhwai,719,7670001642476,385743648
0561140547,eyJ0eXAiOiJKV1QiLCJhbGciOiJIUzI1NiJ9.eyJ1aWQiOjcyMCwiZXhwIjoiXC9EYXRlKDE1NDkxNTc5NjU5MzUpXC8ifQ.6Cx9q_92rlNT0qNX79_puRt52hJwzjjKOKHwD1ZFa5s,user0561140547@perf.com,Perf-ccpwc,nrbxcqvxux,720,7670001642489,421140547
0584610230,eyJ0eXAiOiJKV1QiLCJhbGciOiJIUzI1NiJ9.eyJ1aWQiOjcyMSwiZXhwIjoiXC9EYXRlKDE1NDkxNTc5NjczMjQpXC8ifQ.CNgehpSe-neBuk2drF8C6a9TNFTpYP6dWYxHbVWvCXY,user0584610230@perf.com,Perf-odwqy,xwfphwhsqm,721,7670001642519,444610230
0537286115,eyJ0eXAiOiJKV1QiLCJhbGciOiJIUzI1NiJ9.eyJ1aWQiOjcyMiwiZXhwIjoiXC9EYXRlKDE1NDkxNTc5Njc0OTkpXC8ifQ.0L4mziO2dmlhmwO-zLKh6zyDEyEncRtyrqQAfEvCuVg,user0537286115@perf.com,Perf-fufwn,jrqomwjljk,722,7670001642492,397286115
0552483696,eyJ0eXAiOiJKV1QiLCJhbGciOiJIUzI1NiJ9.eyJ1aWQiOjcyMywiZXhwIjoiXC9EYXRlKDE1NDkxNTc5Njc2NjcpXC8ifQ.VXhzbec_relHRpF9gK2r4Uy47Wxr4WNNkZSYRn5FtLw,user0552483696@perf.com,Perf-ltakh,jtlkdrnyoa,723,7670001642506,412483696
0592242722,eyJ0eXAiOiJKV1QiLCJhbGciOiJIUzI1NiJ9.eyJ1aWQiOjcyNCwiZXhwIjoiXC9EYXRlKDE1NDkxNTc5Njg5MzEpXC8ifQ.q7IUhLpGoJ0S2gQrb_toVx8A5Ichild410MV365d4uA,user0592242722@perf.com,Perf-djnae,ytrksjrnyl,724,7670001642535,272242722
0578261873,eyJ0eXAiOiJKV1QiLCJhbGciOiJIUzI1NiJ9.eyJ1aWQiOjcyNSwiZXhwIjoiXC9EYXRlKDE1NDkxNTc5NjkwMDkpXC8ifQ.DGyjtG-tmJghYB7R_nhE3t7KCJlDExKq7y-1bRbKr_Y,user0578261873@perf.com,Perf-diues,uzmptuttok,725,7670001642522,438261873
0525135282,eyJ0eXAiOiJKV1QiLCJhbGciOiJIUzI1NiJ9.eyJ1aWQiOjcyNiwiZXhwIjoiXC9EYXRlKDE1NDkxNTc5NzA1OTIpXC8ifQ.cnDMECVe6Cu2m-luq54mrC6xtYMu85NQBu3axqdoHqc,user0525135282@perf.com,Perf-nkjwg,tgchqstqpi,726,7670001642548,295135282
0533407383,eyJ0eXAiOiJKV1QiLCJhbGciOiJIUzI1NiJ9.eyJ1aWQiOjcyNywiZXhwIjoiXC9EYXRlKDE1NDkxNTc5NzA4MjUpXC8ifQ.RxIK7dZ-0I0bRGyqwEukhJAN34f71SR4n2J6crrf4B4,user0533407383@perf.com,Perf-lonvo,wnrmwbpbny,727,7670001642551,303407383
0553991449,eyJ0eXAiOiJKV1QiLCJhbGciOiJIUzI1NiJ9.eyJ1aWQiOjcyOCwiZXhwIjoiXC9EYXRlKDE1NDkxNTc5NzEzMTApXC8ifQ.3aycP6mbGEgM0eYScBuAqYEfWdFUakmYoRaiPbDoVGI,user0553991449@perf.com,Perf-rpyjh,qsobxceptl,728,7670001642564,323991449
0579769626,eyJ0eXAiOiJKV1QiLCJhbGciOiJIUzI1NiJ9.eyJ1aWQiOjcyOSwiZXhwIjoiXC9EYXRlKDE1NDkxNTc5NzIwMTMpXC8ifQ.u4mXpRgWYengb2-PnrFq8am46fss_lBWWrkcfnyLXuU,user0579769626@perf.com,Perf-ziyxc,ohcluxqedn,729,7670001642577,349769626
0546296471,eyJ0eXAiOiJKV1QiLCJhbGciOiJIUzI1NiJ9.eyJ1aWQiOjczMCwiZXhwIjoiXC9EYXRlKDE1NDkxNTc5NzI0MTkpXC8ifQ.goI4-d3lMs7pHYLR-MMWv001t9je8bp9g5gMkhDJ2Yg,user0546296471@perf.com,Perf-rgdjy,asqngkkwjf,730,7670001642580,316296471
0581500996,eyJ0eXAiOiJKV1QiLCJhbGciOiJIUzI1NiJ9.eyJ1aWQiOjczMSwiZXhwIjoiXC9EYXRlKDE1NDkxNTc5NzM0MTYpXC8ifQ._-f8_W09SammxpUTxo1xjHhje82eZz0WH-Mnf4zFnN0,user0581500996@perf.com,Perf-wujer,gdbvsljtts,731,7670001642593,351500996
0569792478,eyJ0eXAiOiJKV1QiLCJhbGciOiJIUzI1NiJ9.eyJ1aWQiOjczMiwiZXhwIjoiXC9EYXRlKDE1NDkxNTc5NzQwOTEpXC8ifQ.hC-w_A_dKw46FVkFZvEH9gsO1XOYD6xHUZ8_LLCVyqA,user0569792478@perf.com,Perf-grsxg,xrefhvmazz,732,7670001642607,969792478
0556711016,eyJ0eXAiOiJKV1QiLCJhbGciOiJIUzI1NiJ9.eyJ1aWQiOjczMywiZXhwIjoiXC9EYXRlKDE1NDkxNTc5NzQ2MDYpXC8ifQ.GVyib4M7hCFwSgZsjaAqzo1am3ZLtiYxNBKgCw5D8_U,user0556711016@perf.com,Perf-zhibg,gwdarrjvbt,733,7670001642610,956711016
0552478778,eyJ0eXAiOiJKV1QiLCJhbGciOiJIUzI1NiJ9.eyJ1aWQiOjczNCwiZXhwIjoiXC9EYXRlKDE1NDkxNTc5NzUzNTYpXC8ifQ.QUpOaelkbn-x8YKdBZBu6Dxpwwsy1TMPyq1FcXrUwLs,user0552478778@perf.com,Perf-rfatn,kmyrxxvaic,734,7670001642623,952478778
0583066315,eyJ0eXAiOiJKV1QiLCJhbGciOiJIUzI1NiJ9.eyJ1aWQiOjczNSwiZXhwIjoiXC9EYXRlKDE1NDkxNTc5NzU0ODApXC8ifQ.vQxfgoYVizKSPds4y7DqKHW8L8lKRNFu-3Pcu2Rr_5A,user0583066315@perf.com,Perf-dmajk,qtixpshwei,735,7670001642636,983066315
0515574126,eyJ0eXAiOiJKV1QiLCJhbGciOiJIUzI1NiJ9.eyJ1aWQiOjczNiwiZXhwIjoiXC9EYXRlKDE1NDkxNTc5NzU4ODgpXC8ifQ.XtTY4OLrvG2H_Inx7sVIHLrCkg2ORK5g5xfrHgez71Q,user0515574126@perf.com,Perf-juqam,kpvxoswvtn,736,7670001642649,105574126
0553856641,eyJ0eXAiOiJKV1QiLCJhbGciOiJIUzI1NiJ9.eyJ1aWQiOjczNywiZXhwIjoiXC9EYXRlKDE1NDkxNTc5NzczMTkpXC8ifQ.aQ4huh8wCaLNHhWsskEYRTi0-T7N8TD_JgLCPfU_F1c,user0553856641@perf.com,Perf-juhgn,thsendvnmd,737,7670001642665,143856641
0532310703,eyJ0eXAiOiJKV1QiLCJhbGciOiJIUzI1NiJ9.eyJ1aWQiOjczOCwiZXhwIjoiXC9EYXRlKDE1NDkxNTc5NzcyMTMpXC8ifQ.qmpF3dT2tR2ZY6H8-C8Qw5xmYB5aYpdF3XyiHpObkKA,user0532310703@perf.com,Perf-pciey,dqqyyvbwmf,738,7670001642652,122310703
0545392166,eyJ0eXAiOiJKV1QiLCJhbGciOiJIUzI1NiJ9.eyJ1aWQiOjczOSwiZXhwIjoiXC9EYXRlKDE1NDkxNTc5Nzg0OTEpXC8ifQ.DazeHfviv_FULrOuhHDK7FVaXpfdYBowPD-M3H1lueI,user0545392166@perf.com,Perf-iuaie,ancnzhmyzy,739,7670001642678,135392166
0543405936,eyJ0eXAiOiJKV1QiLCJhbGciOiJIUzI1NiJ9.eyJ1aWQiOjc0MCwiZXhwIjoiXC9EYXRlKDE1NDkxNTc5NzkzMTkpXC8ifQ.EsBRxt2GVf4_nekmNEut3IgkpmBT69R6pNnkGmosw5U,user0543405936@perf.com,Perf-wzyre,aefkkhfzzw,740,7670001642694,853405936
0564567125,eyJ0eXAiOiJKV1QiLCJhbGciOiJIUzI1NiJ9.eyJ1aWQiOjc0MSwiZXhwIjoiXC9EYXRlKDE1NDkxNTc5Nzk2OTQpXC8ifQ.uMcNiDbzsA9fzg3oPq9RxvxcWZ5w1NMrcsfOao-ee9U,user0564567125@perf.com,Perf-kmjrh,ihxfgnwffd,741,7670001642681,874567125
0583996945,eyJ0eXAiOiJKV1QiLCJhbGciOiJIUzI1NiJ9.eyJ1aWQiOjc0MiwiZXhwIjoiXC9EYXRlKDE1NDkxNTc5ODE1NjQpXC8ifQ.uggeolbMeimoatutLmEZCg66h9qTaUX_9VUMOAp4qzw,user0583996945@perf.com,Perf-cmhig,iypnktseub,742,7670001642711,893996945
0574378222,eyJ0eXAiOiJKV1QiLCJhbGciOiJIUzI1NiJ9.eyJ1aWQiOjc0MywiZXhwIjoiXC9EYXRlKDE1NDkxNTc5ODE0NjQpXC8ifQ.Zd-feOzcOSrdMP1szB4p_Ttxdv36EWS9SCUVPWSQEGQ,user0574378222@perf.com,Perf-sdbbc,hqoqfytgwq,743,7670001642708,884378222
0566298495,eyJ0eXAiOiJKV1QiLCJhbGciOiJIUzI1NiJ9.eyJ1aWQiOjc0NCwiZXhwIjoiXC9EYXRlKDE1NDkxNTc5ODI2MjcpXC8ifQ.FQ-dtObT_qpY9fRoQsY7juJ8ZL8YsA6Tupt4D_p0T3s,user0566298495@perf.com,Perf-dmbtw,zbbbtvwsfx,744,7670001642724,876298495
0524392108,eyJ0eXAiOiJKV1QiLCJhbGciOiJIUzI1NiJ9.eyJ1aWQiOjc0NSwiZXhwIjoiXC9EYXRlKDE1NDkxNTc5ODMyMDApXC8ifQ.6PwJHT7xT75XLzQcSHk0QZjJr_YFSmw0dhrnTt64hv4,user0524392108@perf.com,Perf-cgpdc,jrcssweqhm,745,7670001642737,924392108
0515927632,eyJ0eXAiOiJKV1QiLCJhbGciOiJIUzI1NiJ9.eyJ1aWQiOjc0NiwiZXhwIjoiXC9EYXRlKDE1NDkxNTc5ODM0NzApXC8ifQ.jTL1gXJ2UDBBhHOtagtoGysb43-TCs0E85Jx9BEcjAE,user0515927632@perf.com,Perf-nbdth,iznxjgvvwi,746,7670001642740,915927632
0542475306,eyJ0eXAiOiJKV1QiLCJhbGciOiJIUzI1NiJ9.eyJ1aWQiOjc0NywiZXhwIjoiXC9EYXRlKDE1NDkxNTc5ODQ0MTgpXC8ifQ.yv9rxdKpGgGQscQvUk8aOHJQw1oBvXYa3dDgma0d4m4,user0542475306@perf.com,Perf-uygbb,zajkiifitd,747,7670001642753,942475306
0526123478,eyJ0eXAiOiJKV1QiLCJhbGciOiJIUzI1NiJ9.eyJ1aWQiOjc0OCwiZXhwIjoiXC9EYXRlKDE1NDkxNTc5ODQ2NzQpXC8ifQ.cVKUkwyrDY-Vk13-LZEyZQDwPPZ-RWYDkUfsyIGH4As,user0526123478@perf.com,Perf-leysm,vghebwlgtv,748,7670001642766,926123478
0547414557,eyJ0eXAiOiJKV1QiLCJhbGciOiJIUzI1NiJ9.eyJ1aWQiOjc0OSwiZXhwIjoiXC9EYXRlKDE1NDkxNTc5ODUzNzcpXC8ifQ.2wD123DERN7etspxUQbupyTrcFpbw6OlNFTpVUNUHFc,user0547414557@perf.com,Perf-ihnjh,zefugbtpzz,749,7670001642779,767414557
0533755971,eyJ0eXAiOiJKV1QiLCJhbGciOiJIUzI1NiJ9.eyJ1aWQiOjc1MCwiZXhwIjoiXC9EYXRlKDE1NDkxNTc5ODU4MjUpXC8ifQ.sfoFqiFYyxpgdHRRSApweVftNBUqE6aM5Z1PjK5wwiY,user0533755971@perf.com,Perf-bcgkd,zthkihlqpi,750,7670001642782,753755971
0571846112,eyJ0eXAiOiJKV1QiLCJhbGciOiJIUzI1NiJ9.eyJ1aWQiOjc1MSwiZXhwIjoiXC9EYXRlKDE1NDkxNTc5ODU5NjUpXC8ifQ.Yt5DRrQoo8IdaTqrn1MHdQBE7Y8iyRicp_O7WZCLOMM,user0571846112@perf.com,Perf-jbthe,yyjxradfkj,751,7670001642795,791846112
0567229125,eyJ0eXAiOiJKV1QiLCJhbGciOiJIUzI1NiJ9.eyJ1aWQiOjc1MiwiZXhwIjoiXC9EYXRlKDE1NDkxNTc5ODcyMjEpXC8ifQ.KtT9UUUdmxQdonvLcfMhFKfVODcgINC7ILEL4eB6DYI,user0567229125@perf.com,Perf-trvvm,pbgimhtnsy,752,7670001642809,788190997
0594931046,eyJ0eXAiOiJKV1QiLCJhbGciOiJIUzI1NiJ9.eyJ1aWQiOjc1MywiZXhwIjoiXC9EYXRlKDE1NDkxNTc5ODc4MzYpXC8ifQ.ugoVvh_uGVL6OXW6WT_PeSV43SshCr0OjGnwnAlmxmw,user0594931046@perf.com,Perf-laumd,jsstlxtnss,753,7670001642812,814931046
0583003830,eyJ0eXAiOiJKV1QiLCJhbGciOiJIUzI1NiJ9.eyJ1aWQiOjc1NCwiZXhwIjoiXC9EYXRlKDE1NDkxNTc5ODg0NzEpXC8ifQ.Ghmu1fTkOh3mIsM0rYEFtx2Kp9ayxi8bvTBRPqYFBNs,user0583003830@perf.com,Perf-tppnv,rjsogftvxh,754,7670001642825,803003830
0523976116,eyJ0eXAiOiJKV1QiLCJhbGciOiJIUzI1NiJ9.eyJ1aWQiOjc1NiwiZXhwIjoiXC9EYXRlKDE1NDkxNTc5ODkwNzkpXC8ifQ.WFz3oMOqa5csnjBc7PBqmU8p9CqIRpQfP1N7hs4z1oU,user0523976116@perf.com,Perf-aooua,tspgonmrbj,756,7670001642841,833976116
0542573953,eyJ0eXAiOiJKV1QiLCJhbGciOiJIUzI1NiJ9.eyJ1aWQiOjc1NSwiZXhwIjoiXC9EYXRlKDE1NDkxNTc5ODkyMDUpXC8ifQ.jLiB6JHuU6l7hjX5E8I25jzDXh9Lrh0vpuWrvniSeqc,user0542573953@perf.com,Perf-hzkvh,fxqizgslst,755,7670001642838,672573953
0539495962,eyJ0eXAiOiJKV1QiLCJhbGciOiJIUzI1NiJ9.eyJ1aWQiOjc1NywiZXhwIjoiXC9EYXRlKDE1NDkxNTc5ODk2MTcpXC8ifQ.NGsA70cEh8EewTFoAnM-T7Zdq1Esrh_gDnMfYbtaTmo,user0539495962@perf.com,Perf-yboqq,ptgvitzspq,757,7670001642854,669495962
0549499433,eyJ0eXAiOiJKV1QiLCJhbGciOiJIUzI1NiJ9.eyJ1aWQiOjc1OCwiZXhwIjoiXC9EYXRlKDE1NDkxNTc5OTA3OTIpXC8ifQ.OkeUg12NEEw5bFsgOwhqnqk9aFvB-E2R-9fBzeuLO0k,user0549499433@perf.com,Perf-xlelx,glkvvmbrfc,758,7670001642867,679499433
0525452627,eyJ0eXAiOiJKV1QiLCJhbGciOiJIUzI1NiJ9.eyJ1aWQiOjc1OSwiZXhwIjoiXC9EYXRlKDE1NDkxNTc5OTEzMzApXC8ifQ.WHxs78c1ko9AcHvtZOdquzLKfkkkOV9QPA6P8E8zJHA,user0525452627@perf.com,Perf-esndp,vermqtppcx,759,7670001642870,655452627
0565081764,eyJ0eXAiOiJKV1QiLCJhbGciOiJIUzI1NiJ9.eyJ1aWQiOjc2MCwiZXhwIjoiXC9EYXRlKDE1NDkxNTc5OTIyODMpXC8ifQ.L-B4_N6k2tlwLoTSJh505faeA41iziV7H001MVNGYog,user0565081764@perf.com,Perf-fpouv,tdzyqtqhue,760,7670001642883,695081764
0518750764,eyJ0eXAiOiJKV1QiLCJhbGciOiJIUzI1NiJ9.eyJ1aWQiOjc2MSwiZXhwIjoiXC9EYXRlKDE1NDkxNTc5OTI2MjcpXC8ifQ.9g0zHXXKYysQaxcuZCgp90-EQ09WKCGV0RYHNYqamM0,user0518750764@perf.com,Perf-soloo,yudoytbobi,761,7670001642896,738750764
0583164962,eyJ0eXAiOiJKV1QiLCJhbGciOiJIUzI1NiJ9.eyJ1aWQiOjc2MiwiZXhwIjoiXC9EYXRlKDE1NDkxNTc5OTI4NzEpXC8ifQ.pX6Tr1qdX1vk4eLqoI_Z5YAGb4ItpS-GvW9Ac8lav7E,user0583164962@perf.com,Perf-oonhv,blszovzoax,762,7670001642900,713164962
0517238092,eyJ0eXAiOiJKV1QiLCJhbGciOiJIUzI1NiJ9.eyJ1aWQiOjc2MywiZXhwIjoiXC9EYXRlKDE1NDkxNTc5OTMzMDkpXC8ifQ.q4Sw1GYdCOCtkL0K2S47-DK5Fz4QHqnC-BB-jtfJIV8,user0517238092@perf.com,Perf-vtgsd,mmzsrpedqu,763,7670001642913,467238092
0584153158,eyJ0eXAiOiJKV1QiLCJhbGciOiJIUzI1NiJ9.eyJ1aWQiOjc2NCwiZXhwIjoiXC9EYXRlKDE1NDkxNTc5OTQ1NDkpXC8ifQ.sMXZn120l8zJ0RCG7m-i0uVgtNA2-My2tSA020O829U,user0584153158@perf.com,Perf-iiaxs,istrqlqvdx,764,7670001642926,444153158
0523971198,eyJ0eXAiOiJKV1QiLCJhbGciOiJIUzI1NiJ9.eyJ1aWQiOjc2NSwiZXhwIjoiXC9EYXRlKDE1NDkxNTc5OTQ3NzcpXC8ifQ.i8I6XRIdew7FVtky8aSg4oBmmaiCxQFPI2m-vP_zjGA,user0523971198@perf.com,Perf-jtcyt,hycaoggjye,765,7670001642939,473971198
0558406224,eyJ0eXAiOiJKV1QiLCJhbGciOiJIUzI1NiJ9.eyJ1aWQiOjc2NiwiZXhwIjoiXC9EYXRlKDE1NDkxNTc5OTU5MDgpXC8ifQ.vtfaSoD8piGiORsk9Tn1HAx1tO4O41oq2d2QD1p_TlQ,user0558406224@perf.com,Perf-qzbzc,lkcozzkmhm,766,7670001642942,508406224
0588931277,eyJ0eXAiOiJKV1QiLCJhbGciOiJIUzI1NiJ9.eyJ1aWQiOjc2NywiZXhwIjoiXC9EYXRlKDE1NDkxNTc5OTU4NDEpXC8ifQ.blxYVFcLvNBxnFch1WXFpB8YcnQTGrw86tZiy9jonXk,user0588931277@perf.com,Perf-gxgbu,hablxunusn,767,7670001642955,358931277
0589186136,eyJ0eXAiOiJKV1QiLCJhbGciOiJIUzI1NiJ9.eyJ1aWQiOjc2OCwiZXhwIjoiXC9EYXRlKDE1NDkxNTc5OTYzOTMpXC8ifQ.jvSxJlLNJTfg_mM9yzCJtkUrEeG938zB2OJJWvoVARA,user0589186136@perf.com,Perf-rexbf,exufptembk,768,7670001642968,539186136
0579312554,eyJ0eXAiOiJKV1QiLCJhbGciOiJIUzI1NiJ9.eyJ1aWQiOjc2OSwiZXhwIjoiXC9EYXRlKDE1NDkxNTc5OTcwNjUpXC8ifQ.bhKQlCoq4NQYl-msBt8XTfXsqp972dElLR9rStdbM8Y,user0579312554@perf.com,Perf-qutov,bsecgpiste,769,7670001642971,349312554
0577997176,eyJ0eXAiOiJKV1QiLCJhbGciOiJIUzI1NiJ9.eyJ1aWQiOjc3MCwiZXhwIjoiXC9EYXRlKDE1NDkxNTc5OTgwNjUpXC8ifQ.mpX_HN9NQ7T0ekmyyR-7kn9J0T0ufXjnLE4oogJfEDA,user0577997176@perf.com,Perf-lcuug,ektxkcvjgx,770,7670001642984,437997176
0551064753,eyJ0eXAiOiJKV1QiLCJhbGciOiJIUzI1NiJ9.eyJ1aWQiOjc3MSwiZXhwIjoiXC9EYXRlKDE1NDkxNTc5OTg0ODcpXC8ifQ.PNn17QfKL6N7EtzO206XzITKzu-RBmgasefhupHDl6Q,user0551064753@perf.com,Perf-loqck,leailrldoe,771,7670001642997,411064753
0577934690,eyJ0eXAiOiJKV1QiLCJhbGciOiJIUzI1NiJ9.eyJ1aWQiOjc3MiwiZXhwIjoiXC9EYXRlKDE1NDkxNTc5OTkyNjgpXC8ifQ.hbDtgkoUyQQ6VWLbJDxREMDuys14HOWeexXu7CT1Ld8,user0577934690@perf.com,Perf-hqnsv,bvnmbnbvkz,772,7670001643004,257934690
0589669532,eyJ0eXAiOiJKV1QiLCJhbGciOiJIUzI1NiJ9.eyJ1aWQiOjc3MywiZXhwIjoiXC9EYXRlKDE1NDkxNTc5OTk4NDYpXC8ifQ.9EiYtRpvExFMrJvX0tJRcn0u2vhyoaXwM7fbMIu-M6o,user0589669532@perf.com,Perf-mhdcx,prpiqsictu,773,7670001643017,269669532
0517367981,eyJ0eXAiOiJKV1QiLCJhbGciOiJIUzI1NiJ9.eyJ1aWQiOjc3NCwiZXhwIjoiXC9EYXRlKDE1NDkxNTgwMDA0ODMpXC8ifQ.5wkIOh1eiia0zLliCUMHhJZa-V8A42KJ4sZiGiZ4OfQ,user0517367981@perf.com,Perf-tyjse,uhfnmbujrq,774,7670001643020,287367981
0596402638,eyJ0eXAiOiJKV1QiLCJhbGciOiJIUzI1NiJ9.eyJ1aWQiOjc3NSwiZXhwIjoiXC9EYXRlKDE1NDkxNTgwMDE2ODYpXC8ifQ.-l5AgSdOzHAsM6CybiC-koGtxXdXP6F9D7tVvGqHIJM,user0596402638@perf.com,Perf-docqv,qyvegqohuw,775,7670001643033,276402638
0541222413,eyJ0eXAiOiJKV1QiLCJhbGciOiJIUzI1NiJ9.eyJ1aWQiOjc3NiwiZXhwIjoiXC9EYXRlKDE1NDkxNTgwMDYyNTIpXC8ifQ.5nxfF9GcJfRLnYPu1P580BsNHw_VTcIZW8nUT5xDhjM,user0541222413@perf.com,Perf-fxzvx,yihqsiagos,776,7670001643046,311222413
0576556827,eyJ0eXAiOiJKV1QiLCJhbGciOiJIUzI1NiJ9.eyJ1aWQiOjc3NywiZXhwIjoiXC9EYXRlKDE1NDkxNTgwMDYyMDYpXC8ifQ.CQ8EeTaZyIspmjFy_2nmQwOpJOw1rFqorLeLDksWh9o,user0576556827@perf.com,Perf-ocwqx,rzwpldweve,777,7670001643059,166556827
0564629611,eyJ0eXAiOiJKV1QiLCJhbGciOiJIUzI1NiJ9.eyJ1aWQiOjc3OCwiZXhwIjoiXC9EYXRlKDE1NDkxNTgwMDgzNDcpXC8ifQ.qEQr-rQsQhQHr5GnaXoiOQyyuIwoujr3AUAdyILNFnQ,user0564629611@perf.com,Perf-kmlei,njqjbqxbmw,778,7670001643075,154629611
0597333267,eyJ0eXAiOiJKV1QiLCJhbGciOiJIUzI1NiJ9.eyJ1aWQiOjc3OSwiZXhwIjoiXC9EYXRlKDE1NDkxNTgwMDkxNzUpXC8ifQ.KgcWYOw7nyqFqH7p3MHaBXOzLqRRvbGBIJJL9TI2Dfg,user0597333267@perf.com,Perf-lvpca,dskzxeredv,779,7670001643062,187333267
0547388617,eyJ0eXAiOiJKV1QiLCJhbGciOiJIUzI1NiJ9.eyJ1aWQiOjc4NiwiZXhwIjoiXC9EYXRlKDE1NDkxOTUyMzc3ODYpXC8ifQ.ABfBf_Bo95puMe7Vh2RA0XasjBeu-U_81gu-9jfk3Zo,user0547388617@perf.com,Perf-ytpyv,uusqzxmrts,786,7670001643192,857388617
0568934555,eyJ0eXAiOiJKV1QiLCJhbGciOiJIUzI1NiJ9.eyJ1aWQiOjc4NywiZXhwIjoiXC9EYXRlKDE1NDkxOTUyMzc4MzMpXC8ifQ.UG93BwS-13Ifpix-ebQNDTi15JKsZIK4vM966sX9P4k,user0568934555@perf.com,Perf-qvoab,icdowpgjvt,787,7670001643206,878934555
0538955384,eyJ0eXAiOiJKV1QiLCJhbGciOiJIUzI1NiJ9.eyJ1aWQiOjc4OCwiZXhwIjoiXC9EYXRlKDE1NDkxOTUyMzc3MzgpXC8ifQ.QwDuhVCbZx1g0I7ni0V8t0wpZeGrxVSTbZ0Jfk_FlHk,user0538955384@perf.com,Perf-zaazl,jcygkpbvgh,788,7670001643189,938955384
0560407594,eyJ0eXAiOiJKV1QiLCJhbGciOiJIUzI1NiJ9.eyJ1aWQiOjc4OSwiZXhwIjoiXC9EYXRlKDE1NDkxOTUyMzgwMTkpXC8ifQ.9atLSpgUn8hkdAlzmgV9emMi_kZfRSWI1j-fESp5seg,user0560407594@perf.com,Perf-rbbgf,fobwtidxfi,789,7670001643219,690407594
0585416273,eyJ0eXAiOiJKV1QiLCJhbGciOiJIUzI1NiJ9.eyJ1aWQiOjc5MCwiZXhwIjoiXC9EYXRlKDE1NDkxOTUyMzgyNzApXC8ifQ.8tkymDAK_fyF6f65nsnx9zeY0dAv0IGfE0w_uLjONQI,user0585416273@perf.com,Perf-zjpre,ujgfnltajm,790,7670001643222,715416273
0577305303,eyJ0eXAiOiJKV1QiLCJhbGciOiJIUzI1NiJ9.eyJ1aWQiOjc5MSwiZXhwIjoiXC9EYXRlKDE1NDkxOTUyNDEwNTApXC8ifQ.Mc6KlIcw5Vqg4WRg-X0-EUkrl2_U78QRlKHqu2PlPW4,user0577305303@perf.com,Perf-cvhvt,yqufwphupa,791,7670001643251,617305303
0590834000,eyJ0eXAiOiJKV1QiLCJhbGciOiJIUzI1NiJ9.eyJ1aWQiOjc5MiwiZXhwIjoiXC9EYXRlKDE1NDkxOTUyNDExMTMpXC8ifQ._R0KNhWRtG8Gbylj9kL8LlMG1iG1wb5Uwz39o2af4QQ,user0590834000@perf.com,Perf-givyb,ayyjgylnpx,792,7670001643235,810834000
0566787194,eyJ0eXAiOiJKV1QiLCJhbGciOiJIUzI1NiJ9.eyJ1aWQiOjc5MywiZXhwIjoiXC9EYXRlKDE1NDkxOTUyNDExMTMpXC8ifQ.6Qjo7ZbltEpBu3-XPgvheMUXs2sCPje0UyuLNE6lHW0,user0566787194@perf.com,Perf-lpbcr,csnahtbvll,793,7670001643264,786787194
0566532334,eyJ0eXAiOiJKV1QiLCJhbGciOiJIUzI1NiJ9.eyJ1aWQiOjc5NCwiZXhwIjoiXC9EYXRlKDE1NDkxOTUyNDE3MjcpXC8ifQ.TUrfI7WtTZnJAau6g10BjoBilIsxGyNbLV9YZPXr8xE,user0566532334@perf.com,Perf-ixnqi,ukxmzrjjif,794,7670001643248,606532334
0513660603,eyJ0eXAiOiJKV1QiLCJhbGciOiJIUzI1NiJ9.eyJ1aWQiOjc5NSwiZXhwIjoiXC9EYXRlKDE1NDkxOTUyNDIyNDMpXC8ifQ.quYN3drlXrSrLbdNfnRNMvR-TweZnsuZPji-00tbTZM,user0513660603@perf.com,Perf-yfaif,qfglhszhax,795,7670001643277,643660603
0543792056,eyJ0eXAiOiJKV1QiLCJhbGciOiJIUzI1NiJ9.eyJ1aWQiOjc5NiwiZXhwIjoiXC9EYXRlKDE1NDkxOTU1ODQzNzApXC8ifQ.K_nK5fdooDqSVDZ2viKHfPzZSpPiI9CcjXMx4zPWlvY,user0543792056@perf.com,Perf-aairc,pycegtxktu,796,7670001643293,313792056
0552864897,eyJ0eXAiOiJKV1QiLCJhbGciOiJIUzI1NiJ9.eyJ1aWQiOjc5NywiZXhwIjoiXC9EYXRlKDE1NDkxOTU1ODQ1MjYpXC8ifQ.HcyJhplE9pz9u_GDhJL3GFYZNdIRgf5-I0lv0fII6oo,user0552864897@perf.com,Perf-vexte,ekdhdihggx,797,7670001643280,412864897
0590950120,eyJ0eXAiOiJKV1QiLCJhbGciOiJIUzI1NiJ9.eyJ1aWQiOjc5OCwiZXhwIjoiXC9EYXRlKDE1NDkxOTU1ODQ1NzMpXC8ifQ.mY-1hS5pLuoaipUSjZs6GvlDndkNcoKgUvmqi37u0Ns,user0590950120@perf.com,Perf-emovk,ureuktaxea,798,7670001643307,990950120
0511723089,eyJ0eXAiOiJKV1QiLCJhbGciOiJIUzI1NiJ9.eyJ1aWQiOjc5OSwiZXhwIjoiXC9EYXRlKDE1NDkxOTU1ODUyNjEpXC8ifQ.mDxoDaPmFvd0ONaP9gqckAFKPztnlwkxURyL8Xyh30c,user0511723089@perf.com,Perf-nivei,bbdzfkwchq,799,7670001643310,372503053
0585890818,eyJ0eXAiOiJKV1QiLCJhbGciOiJIUzI1NiJ9.eyJ1aWQiOjgwMCwiZXhwIjoiXC9EYXRlKDE1NDkxOTU1ODUzMzkpXC8ifQ.cQ-Sh6HBD3hygSOhUUFIu787ery8PxLqnX9PC3XUrfk,user0585890818@perf.com,Perf-imynp,yymfcnffxd,800,7670001643323,265890818
0576488297,eyJ0eXAiOiJKV1QiLCJhbGciOiJIUzI1NiJ9.eyJ1aWQiOjgwMSwiZXhwIjoiXC9EYXRlKDE1NDkxOTk3NjkyMTEpXC8ifQ.d7sXXeXsqpmdBtP0cqnfTUCxLBMuHhIoL1i-xaQqwOo,user0576488297@perf.com,Perf-wjewz,bonykolsva,801,7670001643336,706488297
0518583588,eyJ0eXAiOiJKV1QiLCJhbGciOiJIUzI1NiJ9.eyJ1aWQiOjgwMiwiZXhwIjoiXC9EYXRlKDE1NDkxOTk3NjkyNTgpXC8ifQ.CbMCiLOQdvfK0kLpyLCTefA6HMWVOOhhT6TBPhghqkE,user0518583588@perf.com,Perf-nwdxb,phmhfnhvuz,802,7670001643349,648583588
0589774094,eyJ0eXAiOiJKV1QiLCJhbGciOiJIUzI1NiJ9.eyJ1aWQiOjgwMywiZXhwIjoiXC9EYXRlKDE1NDkxOTk3NzAwODgpXC8ifQ.rw2qyHnPEudesp7dCRJLLkT7TJDQb7kjO3LLg6mxfqo,user0589774094@perf.com,Perf-yrudi,ceykevzaxz,803,7670001643352,719774094
0544907645,eyJ0eXAiOiJKV1QiLCJhbGciOiJIUzI1NiJ9.eyJ1aWQiOjgwNCwiZXhwIjoiXC9EYXRlKDE1NDkxOTk3NzAyNzUpXC8ifQ.nVeJzkh5mF-atgb9qKo1xUrjEi4EIOaGQ_4G2aDHayA,user0544907645@perf.com,Perf-rihsl,xwxvoxfnum,804,7670001643378,584907645
0562221345,eyJ0eXAiOiJKV1QiLCJhbGciOiJIUzI1NiJ9.eyJ1aWQiOjgwNSwiZXhwIjoiXC9EYXRlKDE1NDkxOTk3NzAzNTMpXC8ifQ.jU2F2Cb_KJsGpXJzRg9X1PdfGfEJI0XdqHwGLpNHOs8,user0562221345@perf.com,Perf-kikkp,mmtbbzjnli,805,7670001643365,602221345
0537271373,eyJ0eXAiOiJKV1QiLCJhbGciOiJIUzI1NiJ9.eyJ1aWQiOjgwNiwiZXhwIjoiXC9EYXRlKDE1NDkyMDA0MzExNzUpXC8ifQ.P6ZGOTVWHFx1KyINOyrwkgXTcDjGGsjZMkWTJk3oeZA,user0537271373@perf.com,Perf-vvhhe,xpnekofcqw,806,7670001643381,847271373
0528775655,eyJ0eXAiOiJKV1QiLCJhbGciOiJIUzI1NiJ9.eyJ1aWQiOjgwNywiZXhwIjoiXC9EYXRlKDE1NDkyMDA0MzEyMTQpXC8ifQ.gojamqTRJpCfZIhmYTzkmPK6o6GpVll11Pyz1a0UKmA,user0528775655@perf.com,Perf-tuzsz,iehabmofis,807,7670001643394,748775655
0533952527,eyJ0eXAiOiJKV1QiLCJhbGciOiJIUzI1NiJ9.eyJ1aWQiOjgwOCwiZXhwIjoiXC9EYXRlKDE1NDkyMDExMDI1NzYpXC8ifQ.tP7_1RQN6WOKWFZRsj1UbHtlm0Pt2bcOHBmRGgwF1LY,user0533952527@perf.com,Perf-qrlfr,vytuqcicoh,808,7670001643408,933952527
0556299206,eyJ0eXAiOiJKV1QiLCJhbGciOiJIUzI1NiJ9.eyJ1aWQiOjgwOSwiZXhwIjoiXC9EYXRlKDE1NDkyMDExMDI1ODQpXC8ifQ.it0u_vejgANLSL0ErK8pJ9x1MAkHnfVK8To6-tZWMX0,user0556299206@perf.com,Perf-zrmpa,qisiutgcfw,809,7670001643411,918431492
0566079060,eyJ0eXAiOiJKV1QiLCJhbGciOiJIUzI1NiJ9.eyJ1aWQiOjgxMCwiZXhwIjoiXC9EYXRlKDE1NDkyMDExMDI4NjUpXC8ifQ.9wnJyObIB-A3ax05u8X7djzRThfwv5fhh-llBPKbXr8,user0566079060@perf.com,Perf-sdcxv,vqvnryyxer,810,7670001643424,966079060
0542578135,eyJ0eXAiOiJKV1QiLCJhbGciOiJIUzI1NiJ9.eyJ1aWQiOjgxMSwiZXhwIjoiXC9EYXRlKDE1NDkyMDExMDMwOTMpXC8ifQ.J8apAHORbjai0Uex-qBk-WAnkR6Xz_-c1xyBCHOodpk,user0542578135@perf.com,Perf-jhqbm,byegreismn,811,7670001643437,852578135
